[{"id":"95e45d5e.7ea8c","type":"tab","label":"Flow 1","disabled":false,"info":""},{"id":"106ea416.520c1c","type":"arduino out","z":"95e45d5e.7ea8c","name":"LED AMARELO","pin":"6","state":"PWM","arduino":"1a77fc6d.f9dd24","x":560,"y":180,"wires":[]},{"id":"d97745fe.fabf78","type":"arduino in","z":"95e45d5e.7ea8c","name":"SENSOR IR","pin":"2","state":"INPUT","arduino":"1a77fc6d.f9dd24","x":150,"y":460,"wires":[["ad9eef66.352c"]]},{"id":"96f00831.5620f8","type":"mqtt in","z":"95e45d5e.7ea8c","name":"DONWLOAD","topic":"LED","qos":"0","datatype":"auto","broker":"3eaba516.c5c87a","x":150,"y":180,"wires":[["106ea416.520c1c","634c1a05.3f0854","6026e16b.6d377","9ed1921a.1017a","6c6e5183.9680f"]]},{"id":"18d82f0f.40a0e1","type":"arduino out","z":"95e45d5e.7ea8c","name":"LED VERDE","pin":"3","state":"PWM","arduino":"1a77fc6d.f9dd24","x":730,"y":460,"wires":[]},{"id":"86309e97.26367","type":"mqtt out","z":"95e45d5e.7ea8c","name":"UPLOAD","topic":"LED","qos":"0","retain":"","broker":"3eaba516.c5c87a","x":740,"y":340,"wires":[]},{"id":"634c1a05.3f0854","type":"arduino out","z":"95e45d5e.7ea8c","name":"LED IR","pin":"7","state":"PWM","arduino":"1a77fc6d.f9dd24","x":540,"y":120,"wires":[]},{"id":"6c6e5183.9680f","type":"ui_slider","z":"95e45d5e.7ea8c","name":"Controle Potencia Luz","label":"Controle","tooltip":"","group":"6e15f7f.b50bf08","order":2,"width":8,"height":2,"passthru":true,"outs":"all","topic":"","min":0,"max":"200","step":"10","x":480,"y":460,"wires":[["86309e97.26367","18d82f0f.40a0e1","57508c89.3d4654","a1fe1eb1.681f1"]]},{"id":"18a5c314.4c9e1d","type":"debug","z":"95e45d5e.7ea8c","name":"","active":true,"tosidebar":true,"console":false,"tostatus":false,"complete":"false","statusVal":"","statusType":"auto","x":560,"y":560,"wires":[]},{"id":"57508c89.3d4654","type":"ui_chart","z":"95e45d5e.7ea8c","name":"","group":"6e15f7f.b50bf08","order":8,"width":6,"height":6,"label":"Tempo de Uso","chartType":"line","legend":"false","xformat":"HH:mm","interpolate":"linear","nodata":"","dot":false,"ymin":"0","ymax":"200","removeOlder":1,"removeOlderPoints":"","removeOlderUnit":"3600","cutout":0,"useOneColor":false,"useUTC":false,"colors":["#1f77b4","#aec7e8","#ff7f0e","#2ca02c","#98df8a","#d62728","#ff9896","#9467bd","#c5b0d5"],"useOldStyle":false,"outputs":1,"x":740,"y":400,"wires":[[]]},{"id":"a1fe1eb1.681f1","type":"ui_gauge","z":"95e45d5e.7ea8c","name":"","group":"6e15f7f.b50bf08","order":7,"width":6,"height":6,"gtype":"gage","title":"Potencia Instantanea Verde","label":"units","format":"{{value}}","min":0,"max":"200","colors":["#00b500","#e6e600","#ca3838"],"seg1":"Baixa","seg2":"Alta","x":890,"y":560,"wires":[]},{"id":"ad9eef66.352c","type":"trigger","z":"95e45d5e.7ea8c","name":"","op1":"200","op2":"0","op1type":"num","op2type":"num","duration":"250","extend":false,"overrideDelay":false,"units":"ms","reset":"","bytopic":"all","topic":"topic","outputs":2,"x":270,"y":640,"wires":[["18a5c314.4c9e1d","6c6e5183.9680f"],[]]},{"id":"6026e16b.6d377","type":"ui_gauge","z":"95e45d5e.7ea8c","name":"","group":"6e15f7f.b50bf08","order":10,"width":6,"height":6,"gtype":"gage","title":"Potencia Instantanea Amarelo","label":"units","format":"{{value}}","min":0,"max":"200","colors":["#00b500","#e6e600","#ca3838"],"seg1":"","seg2":"","x":610,"y":240,"wires":[]},{"id":"9ed1921a.1017a","type":"ui_chart","z":"95e45d5e.7ea8c","name":"","group":"6e15f7f.b50bf08","order":11,"width":6,"height":6,"label":"Tempo de Uso","chartType":"line","legend":"false","xformat":"HH:mm","interpolate":"linear","nodata":"","dot":false,"ymin":"0","ymax":"200","removeOlder":1,"removeOlderPoints":"","removeOlderUnit":"3600","cutout":0,"useOneColor":false,"useUTC":false,"colors":["#1f77b4","#aec7e8","#ff7f0e","#2ca02c","#98df8a","#d62728","#ff9896","#9467bd","#c5b0d5"],"useOldStyle":false,"outputs":1,"x":560,"y":60,"wires":[[]]},{"id":"1a77fc6d.f9dd24","type":"arduino-board","device":"COM4"},{"id":"3eaba516.c5c87a","type":"mqtt-broker","name":"Mosquitto","broker":"192.168.0.164","port":"1883","clientid":"","usetls":false,"compatmode":true,"keepalive":"60","cleansession":true,"birthTopic":"","birthQos":"0","birthPayload":"","closeTopic":"","closeQos":"0","closePayload":"","willTopic":"","willQos":"0","willPayload":""},{"id":"6e15f7f.b50bf08","type":"ui_group","name":"Painel de Controle","tab":"341099b.4828366","order":1,"disp":true,"width":"12","collapse":false},{"id":"341099b.4828366","type":"ui_tab","name":"Controle Luz Internet","icon":"dashboard","order":2,"disabled":false,"hidden":false}]